<?xml version="1.0" encoding="utf-8"?>
<LanguageData>

  <!-- Wild setting from here -->

  <Syulipia_AgateDragon_Blue.label>블루 마노 드래곤</Syulipia_AgateDragon_Blue.label>
  <Syulipia_AgateDragon_Blue.labelPlural>블루 마노 드래곤들</Syulipia_AgateDragon_Blue.labelPlural>
  <Syulipia_AgateDragon_Blue.lifeStages.0.label>블루 마노 드래곤</Syulipia_AgateDragon_Blue.lifeStages.0.label>
  <Syulipia_AgateDragon_Blue.lifeStages.0.labelPlural>블루 마노 드래곤</Syulipia_AgateDragon_Blue.lifeStages.0.labelPlural>
  <Syulipia_AgateDragon_Blue.lifeStages.0.labelMale>수컷 블루 마노 드래곤</Syulipia_AgateDragon_Blue.lifeStages.0.labelMale>
  <Syulipia_AgateDragon_Blue.lifeStages.0.labelMalePlural>수컷 블루 마노 드래곤들</Syulipia_AgateDragon_Blue.lifeStages.0.labelMalePlural>
  <Syulipia_AgateDragon_Blue.lifeStages.0.labelFemale>암컷 블루 마노 드래곤</Syulipia_AgateDragon_Blue.lifeStages.0.labelFemale>
  <Syulipia_AgateDragon_Blue.lifeStages.0.labelFemalePlural>암컷 블루 마노 드래곤들</Syulipia_AgateDragon_Blue.lifeStages.0.labelFemalePlural>
  <Syulipia_AgateDragon_Blue.lifeStages.1.label>블루 마노 드래곤</Syulipia_AgateDragon_Blue.lifeStages.1.label>
  <Syulipia_AgateDragon_Blue.lifeStages.1.labelPlural>블루 마노 드래곤</Syulipia_AgateDragon_Blue.lifeStages.1.labelPlural>
  <Syulipia_AgateDragon_Blue.lifeStages.1.labelMale>수컷 블루 마노 드래곤</Syulipia_AgateDragon_Blue.lifeStages.1.labelMale>
  <Syulipia_AgateDragon_Blue.lifeStages.1.labelMalePlural>수컷 블루 마노 드래곤들</Syulipia_AgateDragon_Blue.lifeStages.1.labelMalePlural>
  <Syulipia_AgateDragon_Blue.lifeStages.1.labelFemale>암컷 블루 마노 드래곤</Syulipia_AgateDragon_Blue.lifeStages.1.labelFemale>
  <Syulipia_AgateDragon_Blue.lifeStages.1.labelFemalePlural>암컷 블루 마노 드래곤들</Syulipia_AgateDragon_Blue.lifeStages.1.labelFemalePlural>
  <Syulipia_AgateDragon_Blue.lifeStages.2.label>블루 마노 드래곤</Syulipia_AgateDragon_Blue.lifeStages.2.label>
  <Syulipia_AgateDragon_Blue.lifeStages.2.labelPlural>블루 마노 드래곤</Syulipia_AgateDragon_Blue.lifeStages.2.labelPlural>
  <Syulipia_AgateDragon_Blue.lifeStages.2.labelMale>수컷 블루 마노 드래곤</Syulipia_AgateDragon_Blue.lifeStages.2.labelMale>
  <Syulipia_AgateDragon_Blue.lifeStages.2.labelMalePlural>수컷 블루 마노 드래곤들</Syulipia_AgateDragon_Blue.lifeStages.2.labelMalePlural>
  <Syulipia_AgateDragon_Blue.lifeStages.2.labelFemale>암컷 블루 마노 드래곤</Syulipia_AgateDragon_Blue.lifeStages.2.labelFemale>
  <Syulipia_AgateDragon_Blue.lifeStages.2.labelFemalePlural>암컷 블루 마노 드래곤들</Syulipia_AgateDragon_Blue.lifeStages.2.labelFemalePlural>
  <Syulipia_AgateDragon_Blue.labelMale>수컷 블루 마노 드래곤</Syulipia_AgateDragon_Blue.labelMale>
  <Syulipia_AgateDragon_Blue.labelMalePlural>수컷 블루 마노 드래곤들</Syulipia_AgateDragon_Blue.labelMalePlural>
  <Syulipia_AgateDragon_Blue.labelFemale>암컷 블루 마노 드래곤</Syulipia_AgateDragon_Blue.labelFemale>
  <Syulipia_AgateDragon_Blue.labelFemalePlural>암컷 블루 마노 드래곤들</Syulipia_AgateDragon_Blue.labelFemalePlural>

</LanguageData>