<?xml version="1.0" encoding="utf-8"?>
<LanguageData>

  <!-- Wild setting from here -->

  <Syulipia_AgateDragon.label>마노 드래곤</Syulipia_AgateDragon.label>
  <Syulipia_AgateDragon.labelPlural>마노 드래곤들</Syulipia_AgateDragon.labelPlural>
  <Syulipia_AgateDragon.lifeStages.0.label>마노 드래곤</Syulipia_AgateDragon.lifeStages.0.label>
  <Syulipia_AgateDragon.lifeStages.0.labelPlural>마노 드래곤</Syulipia_AgateDragon.lifeStages.0.labelPlural>
  <Syulipia_AgateDragon.lifeStages.0.labelMale>수컷 마노 드래곤</Syulipia_AgateDragon.lifeStages.0.labelMale>
  <Syulipia_AgateDragon.lifeStages.0.labelMalePlural>수컷 마노 드래곤들</Syulipia_AgateDragon.lifeStages.0.labelMalePlural>
  <Syulipia_AgateDragon.lifeStages.0.labelFemale>암컷 마노 드래곤</Syulipia_AgateDragon.lifeStages.0.labelFemale>
  <Syulipia_AgateDragon.lifeStages.0.labelFemalePlural>암컷 마노 드래곤들</Syulipia_AgateDragon.lifeStages.0.labelFemalePlural>
  <Syulipia_AgateDragon.lifeStages.1.label>마노 드래곤</Syulipia_AgateDragon.lifeStages.1.label>
  <Syulipia_AgateDragon.lifeStages.1.labelPlural>마노 드래곤</Syulipia_AgateDragon.lifeStages.1.labelPlural>
  <Syulipia_AgateDragon.lifeStages.1.labelMale>수컷 마노 드래곤</Syulipia_AgateDragon.lifeStages.1.labelMale>
  <Syulipia_AgateDragon.lifeStages.1.labelMalePlural>수컷 마노 드래곤들</Syulipia_AgateDragon.lifeStages.1.labelMalePlural>
  <Syulipia_AgateDragon.lifeStages.1.labelFemale>암컷 마노 드래곤</Syulipia_AgateDragon.lifeStages.1.labelFemale>
  <Syulipia_AgateDragon.lifeStages.1.labelFemalePlural>암컷 마노 드래곤들</Syulipia_AgateDragon.lifeStages.1.labelFemalePlural>
  <Syulipia_AgateDragon.lifeStages.2.label>마노 드래곤</Syulipia_AgateDragon.lifeStages.2.label>
  <Syulipia_AgateDragon.lifeStages.2.labelPlural>마노 드래곤</Syulipia_AgateDragon.lifeStages.2.labelPlural>
  <Syulipia_AgateDragon.lifeStages.2.labelMale>수컷 마노 드래곤</Syulipia_AgateDragon.lifeStages.2.labelMale>
  <Syulipia_AgateDragon.lifeStages.2.labelMalePlural>수컷 마노 드래곤들</Syulipia_AgateDragon.lifeStages.2.labelMalePlural>
  <Syulipia_AgateDragon.lifeStages.2.labelFemale>암컷 마노 드래곤</Syulipia_AgateDragon.lifeStages.2.labelFemale>
  <Syulipia_AgateDragon.lifeStages.2.labelFemalePlural>암컷 마노 드래곤들</Syulipia_AgateDragon.lifeStages.2.labelFemalePlural>
  <Syulipia_AgateDragon.labelMale>수컷 마노 드래곤</Syulipia_AgateDragon.labelMale>
  <Syulipia_AgateDragon.labelMalePlural>수컷 마노 드래곤들</Syulipia_AgateDragon.labelMalePlural>
  <Syulipia_AgateDragon.labelFemale>암컷 마노 드래곤</Syulipia_AgateDragon.labelFemale>
  <Syulipia_AgateDragon.labelFemalePlural>암컷 마노 드래곤들</Syulipia_AgateDragon.labelFemalePlural>

</LanguageData>