<?xml version="1.0" encoding="utf-8"?>
<LanguageData>

  <!-- Wild setting from here -->

  <Syulipia_AgateDragon_Red.label>레드 마노 드래곤</Syulipia_AgateDragon_Red.label>
  <Syulipia_AgateDragon_Red.labelPlural>레드 마노 드래곤들</Syulipia_AgateDragon_Red.labelPlural>
  <Syulipia_AgateDragon_Red.lifeStages.0.label>레드 마노 드래곤</Syulipia_AgateDragon_Red.lifeStages.0.label>
  <Syulipia_AgateDragon_Red.lifeStages.0.labelPlural>레드 마노 드래곤</Syulipia_AgateDragon_Red.lifeStages.0.labelPlural>
  <Syulipia_AgateDragon_Red.lifeStages.0.labelMale>수컷 레드 마노 드래곤</Syulipia_AgateDragon_Red.lifeStages.0.labelMale>
  <Syulipia_AgateDragon_Red.lifeStages.0.labelMalePlural>수컷 레드 마노 드래곤들</Syulipia_AgateDragon_Red.lifeStages.0.labelMalePlural>
  <Syulipia_AgateDragon_Red.lifeStages.0.labelFemale>암컷 레드 마노 드래곤</Syulipia_AgateDragon_Red.lifeStages.0.labelFemale>
  <Syulipia_AgateDragon_Red.lifeStages.0.labelFemalePlural>암컷 레드 마노 드래곤들</Syulipia_AgateDragon_Red.lifeStages.0.labelFemalePlural>
  <Syulipia_AgateDragon_Red.lifeStages.1.label>레드 마노 드래곤</Syulipia_AgateDragon_Red.lifeStages.1.label>
  <Syulipia_AgateDragon_Red.lifeStages.1.labelPlural>레드 마노 드래곤</Syulipia_AgateDragon_Red.lifeStages.1.labelPlural>
  <Syulipia_AgateDragon_Red.lifeStages.1.labelMale>수컷 레드 마노 드래곤</Syulipia_AgateDragon_Red.lifeStages.1.labelMale>
  <Syulipia_AgateDragon_Red.lifeStages.1.labelMalePlural>수컷 레드 마노 드래곤들</Syulipia_AgateDragon_Red.lifeStages.1.labelMalePlural>
  <Syulipia_AgateDragon_Red.lifeStages.1.labelFemale>암컷 레드 마노 드래곤</Syulipia_AgateDragon_Red.lifeStages.1.labelFemale>
  <Syulipia_AgateDragon_Red.lifeStages.1.labelFemalePlural>암컷 레드 마노 드래곤들</Syulipia_AgateDragon_Red.lifeStages.1.labelFemalePlural>
  <Syulipia_AgateDragon_Red.lifeStages.2.label>레드 마노 드래곤</Syulipia_AgateDragon_Red.lifeStages.2.label>
  <Syulipia_AgateDragon_Red.lifeStages.2.labelPlural>레드 마노 드래곤</Syulipia_AgateDragon_Red.lifeStages.2.labelPlural>
  <Syulipia_AgateDragon_Red.lifeStages.2.labelMale>수컷 레드 마노 드래곤</Syulipia_AgateDragon_Red.lifeStages.2.labelMale>
  <Syulipia_AgateDragon_Red.lifeStages.2.labelMalePlural>수컷 레드 마노 드래곤들</Syulipia_AgateDragon_Red.lifeStages.2.labelMalePlural>
  <Syulipia_AgateDragon_Red.lifeStages.2.labelFemale>암컷 레드 마노 드래곤</Syulipia_AgateDragon_Red.lifeStages.2.labelFemale>
  <Syulipia_AgateDragon_Red.lifeStages.2.labelFemalePlural>암컷 레드 마노 드래곤들</Syulipia_AgateDragon_Red.lifeStages.2.labelFemalePlural>
  <Syulipia_AgateDragon_Red.labelMale>수컷 레드 마노 드래곤</Syulipia_AgateDragon_Red.labelMale>
  <Syulipia_AgateDragon_Red.labelMalePlural>수컷 레드 마노 드래곤들</Syulipia_AgateDragon_Red.labelMalePlural>
  <Syulipia_AgateDragon_Red.labelFemale>암컷 레드 마노 드래곤</Syulipia_AgateDragon_Red.labelFemale>
  <Syulipia_AgateDragon_Red.labelFemalePlural>암컷 레드 마노 드래곤들</Syulipia_AgateDragon_Red.labelFemalePlural>

</LanguageData>