<?xml version="1.0" encoding="utf-8"?>
<LanguageData>

  <!-- Almost Slambo -->

  <Syulipia_AgateDragon_Blue.label>블루 마노 드래곤</Syulipia_AgateDragon_Blue.label>
  <Syulipia_AgateDragon_Blue.description>이세계 'Syulipia'에 살고있는 블루 드래곤.</Syulipia_AgateDragon_Blue.description>
  <Syulipia_AgateDragon_Blue.tools.0.label>뿔</Syulipia_AgateDragon_Blue.tools.0.label>
  <Syulipia_AgateDragon_Blue.tools.1.label>이빨</Syulipia_AgateDragon_Blue.tools.1.label>
  <Syulipia_AgateDragon_Blue.tools.2.label>왼쪽 다리</Syulipia_AgateDragon_Blue.tools.2.label>
  <Syulipia_AgateDragon_Blue.tools.3.label>오른쪽 다리</Syulipia_AgateDragon_Blue.tools.3.label>
  <Syulipia_AgateDragon_Blue.tools.4.label>머리</Syulipia_AgateDragon_Blue.tools.4.label>
  <!-- Leather Amount: 0 -->
  <!-- Use Meat From: Syulipia_AgateDragon -->
  <Corpse_Syulipia_AgateDragon_Blue.label>블루 마노 드래곤 시체</Corpse_Syulipia_AgateDragon_Blue.label>
  <Corpse_Syulipia_AgateDragon_Blue.description>블루 마노 드래곤 시체</Corpse_Syulipia_AgateDragon_Blue.description>

</LanguageData>